{"cameraMode":{"drawMode":2,"name":"Shaded Wireframe","section":"Shading Mode"},"sceneLighting":false,"audioPlay":false,"sceneViewState":{"m_AlwaysRefresh":false,"showFog":true,"showSkybox":false,"showFlares":true,"showImageEffects":true,"showParticleSystems":true,"showVisualEffectGraphs":true,"m_FxEnabled":true},"in2DMode":false,"pivot":{"x":0.0009093284606933594,"y":0.6845224499702454,"z":0.004925727844238281},"rotation":{"x":-0.21429786086082459,"y":0.5556031465530396,"z":0.15089496970176698,"w":0.7890591621398926},"size":1.4562588930130005,"orthographic":false}