{"cameraMode":{"drawMode":2,"name":"Shaded Wireframe","section":"Shading Mode"},"sceneLighting":true,"audioPlay":false,"sceneViewState":{"m_AlwaysRefresh":false,"showFog":true,"showSkybox":true,"showFlares":true,"showImageEffects":true,"showParticleSystems":true,"showVisualEffectGraphs":true,"m_FxEnabled":true},"in2DMode":false,"pivot":{"x":0.6212030649185181,"y":21.727588653564454,"z":-38.07167053222656},"rotation":{"x":0.2755735516548157,"y":-0.028832033276557924,"z":0.008293568156659603,"w":0.9608355164527893},"size":1.3490227460861207,"orthographic":false}